id,name,contactInfo,address
1,John Doe,09123456789,Bacolod City Block 1
2,Jane Smith,09123456790,Bacolod City Block 2
3,Mark Johnson,09123456791,Bacolod City Block 3
4,Lisa Brown,09123456792,Bacolod City Block 4
5,James Wilson,09123456793,Bacolod City Block 5
6,Sarah Davis,09123456794,Bacolod City Block 6
7,Michael Miller,09123456795,Bacolod City Block 7
8,Emily Garcia,09123456796,Bacolod City Block 8
9,Chris Martinez,09123456797,Bacolod City Block 9
10,Ashley White,09123456798,Bacolod City Block 10
11,Ryan Christian Tamayo,09999415378,Bacolod City Mansilingan
